file_name,relative_path,status,note
01_중대재해_처벌_등에_관한_법률.pdf,04_documents\01_법령_국가법령정보센터\01_중대재해_처벌_등에_관한_법률.pdf,OK,
02_중대재해처벌법_시행령.pdf,04_documents\01_법령_국가법령정보센터\02_중대재해처벌법_시행령.pdf,OK,
03_산업안전보건법.pdf,04_documents\01_법령_국가법령정보센터\03_산업안전보건법.pdf,OK,
04_산업안전보건법_시행령.pdf,04_documents\01_법령_국가법령정보센터\04_산업안전보건법_시행령.pdf,OK,
05_산업안전보건법_시행규칙.pdf,04_documents\01_법령_국가법령정보센터\05_산업안전보건법_시행규칙.pdf,OK,
06_광산안전법.pdf,04_documents\01_법령_국가법령정보센터\06_광산안전법.pdf,OK,
07_광산안전법_시행령.pdf,04_documents\01_법령_국가법령정보센터\07_광산안전법_시행령.pdf,OK,
08_광산안전법_시행규칙.pdf,04_documents\01_법령_국가법령정보센터\08_광산안전법_시행규칙.pdf,OK,
09_광산안전기술기준_제10차개정_2024-12-19.pdf,04_documents\02_광산_특화_기준_지침\09_광산안전기술기준_제10차개정_2024-12-19.pdf,OK,
10_광산안전업무_처리지침_2025-35_latest.pdf,04_documents\02_광산_특화_기준_지침\10_광산안전업무_처리지침_2025-35_latest.pdf,OK,
11_안전보건관리체계_구축_가이드북.pdf,04_documents\03_안전보건관리체계_위험성평가\11_안전보건관리체계_구축_가이드북.pdf,OK,
12_안전보건관리체계_자율점검표.pdf,04_documents\03_안전보건관리체계_위험성평가\12_안전보건관리체계_자율점검표.pdf,OK,
13_2023_새로운_위험성평가_안내서.pdf,04_documents\03_안전보건관리체계_위험성평가\13_2023_새로운_위험성평가_안내서.pdf,OK,
